{
  "sigma": 0.020264979108142053,
  "seuil_trajectoire": 0.016622456647036446
}